{"avg_protein": 83.2314975659749, "avg_carbs": 152.12318857289262, "avg_fat": 117.32854214706636}